{
  "app_title": "SwipePlaces Tbilisi",
  "tonight": "Tonight",
  "map": "Map",
  "shortlist": "Shortlist",
  "events": "Events",
  "profile": "Profile",
  "photos_videos": "Photos & videos",
  "add_photo": "Add photo",
  "add_video": "Add 10s video",
  "search": "Search by name or district",
  "terrace": "Terrace",
  "quiet": "Quiet",
  "live_music": "Live music",
  "hookah": "Hookah",
  "late_kitchen": "Late kitchen",
  "open_now": "Open now",
  "export_calendar": "Export to calendar",
  "export_done": "Calendar file created",
  "no_results": "No results",
  "haptics": "Haptics",
  "clear_cache": "Clear cached data",
  "clear_media": "Clear all media",
  "done": "Done",
  "pronounce": "Pronounce",
  "translate_menu": "Translate menu"
}