{
  "app_title": "სვაიფპლეის თბილისი",
  "tonight": "დღეს საღამოს",
  "map": "რუკა",
  "shortlist": "რჩეული",
  "events": "ივენთები",
  "profile": "პროფილი",
  "photos_videos": "ფოტო და ვიდეო",
  "add_photo": "ფოტოს დამატება",
  "add_video": "10 წმ ვიდეო",
  "search": "ძებნა სახელით ან რაიონით",
  "terrace": "ტერასა",
  "quiet": "ჩუმი",
  "live_music": "ცოცხალი მუსიკა",
  "hookah": "ჰუკა",
  "late_kitchen": "გვიან სამზარეულო",
  "open_now": "ღია ახლავე",
  "export_calendar": "კალენდარში გაგზავნა",
  "export_done": "კალენდრის ფაილი შეიქმნა",
  "no_results": "შედეგი არ არის",
  "haptics": "ჰაპტიკა",
  "clear_cache": "ქეშის გასუფთავება",
  "clear_media": "მედიის წაშლა",
  "done": "დასრულდა",
  "pronounce": "გამოთქმა",
  "translate_menu": "მენიუს თარგმნა"
}